"timestamp","state","bitrate","rate","queued","tx_done","echo","pending","bad","unexpected","timeout","qfail","rx_lost","tef_lost","err_events","bo_events","tec","rec","tec_max","rec_max","lec","rtt_max_us","late","uart_err"
"2026-10-05T12:43:26.0037129+08:00","PAUSED","1000000","1000","7916","7916","7916","0","0","0","0","0","0","0","0","0","0","0","0","0","0","1615","1","0"
"2026-10-05T12:43:26.7532402+08:00","PAUSED","1000000","2500","0","0","0","0","0","0","0","0","0","0","0","0","0","0","0","0","0","0","0","0"
"2026-10-05T12:43:26.7879134+08:00","RUN","1000000","2500","0","0","0","0","0","0","0","0","0","0","0","0","0","0","0","0","0","0","0","0"
"2026-10-05T12:43:27.8015837+08:00","RUN","1000000","2500","2323","2322","2322","1","0","0","0","0","0","0","0","0","0","0","0","0","0","408","1","0"
"2026-10-05T12:43:28.8018749+08:00","RUN","1000000","2500","4648","4647","4647","1","0","0","0","0","0","0","0","0","0","0","0","0","0","1388","2","0"
"2026-10-05T12:43:29.8091523+08:00","RUN","1000000","2500","6971","6970","6970","1","0","0","0","0","0","0","0","0","0","0","0","0","0","1390","3","0"
"2026-10-05T12:43:30.7943663+08:00","RUN","1000000","2500","9292","9292","9291","1","0","0","0","0","0","0","0","0","0","0","0","0","0","1390","4","0"
"2026-10-05T12:43:31.7813049+08:00","RUN","1000000","2500","11614","11613","11613","1","0","0","0","0","0","0","0","0","0","0","0","0","0","1617","5","0"
"2026-10-05T12:43:32.7816447+08:00","RUN","1000000","2500","13936","13935","13935","1","0","0","0","0","0","0","0","0","0","0","0","0","0","1617","6","0"
"2026-10-05T12:43:33.7969018+08:00","RUN","1000000","2500","16258","16257","16257","1","0","0","0","0","0","0","0","0","0","0","0","0","0","1617","7","0"
"2026-10-05T12:43:34.7732581+08:00","RUN","1000000","2500","18580","18579","18579","1","0","0","0","0","0","0","0","0","0","0","0","0","0","1617","8","0"
"2026-10-05T12:43:35.9828303+08:00","PAUSED","1000000","2500","18661","18661","18661","0","0","0","0","0","0","0","0","0","0","0","0","0","0","1617","9","0"
"2026-10-05T12:43:36.7940778+08:00","PAUSED","1000000","2500","18661","18661","18661","0","0","0","0","0","0","0","0","0","0","0","0","0","0","1617","9","0"
"2026-10-05T12:43:37.7637529+08:00","PAUSED","1000000","2500","18661","18661","18661","0","0","0","0","0","0","0","0","0","0","0","0","0","0","1617","9","0"
"2026-10-05T12:43:38.7727089+08:00","PAUSED","1000000","2500","18661","18661","18661","0","0","0","0","0","0","0","0","0","0","0","0","0","0","1617","9","0"
